Layer,Momentum,Velocity
conv2d,-0.015128685,0.05890698
conv2d_1,0.0016505895,0.036450446
conv2d_2,-0.0023123831,0.014803875
